--------------------------------------------------------
--  Arquivo criado - quarta-feira-novembro-28-2018   
--------------------------------------------------------
--------------------------------------------------------
--  DDL for Sequence CHAT_SEQUENCE
--------------------------------------------------------

   CREATE SEQUENCE  "BANCO_JOGO"."CHAT_SEQUENCE"  MINVALUE 1 MAXVALUE 9999999999999999999999999999 INCREMENT BY 1 START WITH 101 CACHE 20 NOORDER  NOCYCLE ;
--------------------------------------------------------
--  DDL for Sequence INVENTARIO_SEQUENCE
--------------------------------------------------------

   CREATE SEQUENCE  "BANCO_JOGO"."INVENTARIO_SEQUENCE"  MINVALUE 1 MAXVALUE 9999999999999999999999999999 INCREMENT BY 1 START WITH 141 CACHE 20 NOORDER  NOCYCLE ;
--------------------------------------------------------
--  DDL for Sequence ITEM_INVENTARIO_SEQUENCE
--------------------------------------------------------

   CREATE SEQUENCE  "BANCO_JOGO"."ITEM_INVENTARIO_SEQUENCE"  MINVALUE 1 MAXVALUE 9999999999999999999999999999 INCREMENT BY 1 START WITH 1 CACHE 20 NOORDER  NOCYCLE ;
--------------------------------------------------------
--  DDL for Sequence ITEM_SEQUENCE
--------------------------------------------------------

   CREATE SEQUENCE  "BANCO_JOGO"."ITEM_SEQUENCE"  MINVALUE 1 MAXVALUE 9999999999999999999999999999 INCREMENT BY 1 START WITH 81 CACHE 20 NOORDER  NOCYCLE ;
--------------------------------------------------------
--  DDL for Sequence MAPA_SEQUENCE
--------------------------------------------------------

   CREATE SEQUENCE  "BANCO_JOGO"."MAPA_SEQUENCE"  MINVALUE 1 MAXVALUE 9999999999999999999999999999 INCREMENT BY 1 START WITH 30 CACHE 20 NOORDER  NOCYCLE ;
--------------------------------------------------------
--  DDL for Sequence OBJETO_MAPA_SEQUENCE
--------------------------------------------------------

   CREATE SEQUENCE  "BANCO_JOGO"."OBJETO_MAPA_SEQUENCE"  MINVALUE 1 MAXVALUE 9999999999999999999999999999 INCREMENT BY 1 START WITH 381 CACHE 20 NOORDER  NOCYCLE ;
--------------------------------------------------------
--  DDL for Sequence PERSONAGEM_SEQUENCE
--------------------------------------------------------

   CREATE SEQUENCE  "BANCO_JOGO"."PERSONAGEM_SEQUENCE"  MINVALUE 1 MAXVALUE 9999999999999999999999999999 INCREMENT BY 1 START WITH 181 CACHE 20 NOORDER  NOCYCLE ;
--------------------------------------------------------
--  DDL for Sequence USUARIO_SEQUENCE
--------------------------------------------------------

   CREATE SEQUENCE  "BANCO_JOGO"."USUARIO_SEQUENCE"  MINVALUE 1 MAXVALUE 9999999999999999999999999999 INCREMENT BY 1 START WITH 105 CACHE 20 NOORDER  NOCYCLE ;
--------------------------------------------------------
--  DDL for Table CHAT
--------------------------------------------------------

  CREATE TABLE "BANCO_JOGO"."CHAT" 
   (	"ID_CHAT" NUMBER, 
	"ID_PERSONAGEM" NUMBER, 
	"TEXTO" VARCHAR2(60 BYTE), 
	"DATA" DATE
   ) SEGMENT CREATION IMMEDIATE 
  PCTFREE 10 PCTUSED 40 INITRANS 1 MAXTRANS 255 NOCOMPRESS LOGGING
  STORAGE(INITIAL 65536 NEXT 1048576 MINEXTENTS 1 MAXEXTENTS 2147483645
  PCTINCREASE 0 FREELISTS 1 FREELIST GROUPS 1 BUFFER_POOL DEFAULT FLASH_CACHE DEFAULT CELL_FLASH_CACHE DEFAULT)
  TABLESPACE "SYSTEM" ;
--------------------------------------------------------
--  DDL for Table INVENTARIO
--------------------------------------------------------

  CREATE TABLE "BANCO_JOGO"."INVENTARIO" 
   (	"ID_INVENTARIO" NUMBER, 
	"ID_PERSONAGEM" NUMBER, 
	"TIPO" NUMBER DEFAULT 0, 
	"TAMANHO" NUMBER
   ) SEGMENT CREATION IMMEDIATE 
  PCTFREE 10 PCTUSED 40 INITRANS 1 MAXTRANS 255 NOCOMPRESS LOGGING
  STORAGE(INITIAL 65536 NEXT 1048576 MINEXTENTS 1 MAXEXTENTS 2147483645
  PCTINCREASE 0 FREELISTS 1 FREELIST GROUPS 1 BUFFER_POOL DEFAULT FLASH_CACHE DEFAULT CELL_FLASH_CACHE DEFAULT)
  TABLESPACE "SYSTEM" ;

   COMMENT ON COLUMN "BANCO_JOGO"."INVENTARIO"."TIPO" IS 'Tipo de inventario:Personagem, bau, loja';
--------------------------------------------------------
--  DDL for Table INVENTARIO_ITEM
--------------------------------------------------------

  CREATE TABLE "BANCO_JOGO"."INVENTARIO_ITEM" 
   (	"ID_INVENTARIO_ITEM" NUMBER, 
	"ID_INVENTARIO" NUMBER, 
	"ID_ITEM" NUMBER DEFAULT 0, 
	"QUANTIDADE" NUMBER DEFAULT 0
   ) SEGMENT CREATION IMMEDIATE 
  PCTFREE 10 PCTUSED 40 INITRANS 1 MAXTRANS 255 NOCOMPRESS LOGGING
  STORAGE(INITIAL 65536 NEXT 1048576 MINEXTENTS 1 MAXEXTENTS 2147483645
  PCTINCREASE 0 FREELISTS 1 FREELIST GROUPS 1 BUFFER_POOL DEFAULT FLASH_CACHE DEFAULT CELL_FLASH_CACHE DEFAULT)
  TABLESPACE "SYSTEM" ;
--------------------------------------------------------
--  DDL for Table ITEM
--------------------------------------------------------

  CREATE TABLE "BANCO_JOGO"."ITEM" 
   (	"ID_ITEM" NUMBER, 
	"NOME" VARCHAR2(20 BYTE)
   ) SEGMENT CREATION IMMEDIATE 
  PCTFREE 10 PCTUSED 40 INITRANS 1 MAXTRANS 255 NOCOMPRESS LOGGING
  STORAGE(INITIAL 65536 NEXT 1048576 MINEXTENTS 1 MAXEXTENTS 2147483645
  PCTINCREASE 0 FREELISTS 1 FREELIST GROUPS 1 BUFFER_POOL DEFAULT FLASH_CACHE DEFAULT CELL_FLASH_CACHE DEFAULT)
  TABLESPACE "SYSTEM" ;
--------------------------------------------------------
--  DDL for Table MAPA
--------------------------------------------------------

  CREATE TABLE "BANCO_JOGO"."MAPA" 
   (	"ID_MAPA" NUMBER(*,0), 
	"LARGURA" NUMBER(*,0) DEFAULT 840, 
	"ALTURA" NUMBER(*,0) DEFAULT 420, 
	"TIPO" NUMBER DEFAULT 1, 
	"NOME" VARCHAR2(40 BYTE), 
	"IMAGEM" BLOB, 
	"ID_PERSONAGEM" NUMBER
   ) SEGMENT CREATION IMMEDIATE 
  PCTFREE 10 PCTUSED 40 INITRANS 1 MAXTRANS 255 NOCOMPRESS LOGGING
  STORAGE(INITIAL 65536 NEXT 1048576 MINEXTENTS 1 MAXEXTENTS 2147483645
  PCTINCREASE 0 FREELISTS 1 FREELIST GROUPS 1 BUFFER_POOL DEFAULT FLASH_CACHE DEFAULT CELL_FLASH_CACHE DEFAULT)
  TABLESPACE "SYSTEM" 
 LOB ("IMAGEM") STORE AS BASICFILE (
  TABLESPACE "SYSTEM" ENABLE STORAGE IN ROW CHUNK 8192 RETENTION 
  NOCACHE LOGGING 
  STORAGE(INITIAL 65536 NEXT 1048576 MINEXTENTS 1 MAXEXTENTS 2147483645
  PCTINCREASE 0 FREELISTS 1 FREELIST GROUPS 1 BUFFER_POOL DEFAULT FLASH_CACHE DEFAULT CELL_FLASH_CACHE DEFAULT)) ;
--------------------------------------------------------
--  DDL for Table OBJETO_MAPA
--------------------------------------------------------

  CREATE TABLE "BANCO_JOGO"."OBJETO_MAPA" 
   (	"ID_OBJETO" NUMBER(*,0), 
	"ID_MAPA" NUMBER(*,0), 
	"ID_PERSONAGEM" NUMBER(*,0) DEFAULT NULL, 
	"TIPO" NUMBER(*,0), 
	"POSX" NUMBER(*,0), 
	"POSY" NUMBER(*,0), 
	"VIDA" NUMBER DEFAULT 10
   ) SEGMENT CREATION IMMEDIATE 
  PCTFREE 10 PCTUSED 40 INITRANS 1 MAXTRANS 255 NOCOMPRESS LOGGING
  STORAGE(INITIAL 65536 NEXT 1048576 MINEXTENTS 1 MAXEXTENTS 2147483645
  PCTINCREASE 0 FREELISTS 1 FREELIST GROUPS 1 BUFFER_POOL DEFAULT FLASH_CACHE DEFAULT CELL_FLASH_CACHE DEFAULT)
  TABLESPACE "SYSTEM" ;
--------------------------------------------------------
--  DDL for Table PERSONAGEM
--------------------------------------------------------

  CREATE TABLE "BANCO_JOGO"."PERSONAGEM" 
   (	"ID_PERSONAGEM" NUMBER, 
	"SPRITE" NUMBER(*,0) DEFAULT 0, 
	"NOME" VARCHAR2(20 BYTE), 
	"POSX" NUMBER DEFAULT 500, 
	"POSY" NUMBER DEFAULT 500, 
	"ID_MAPA" NUMBER(*,0) DEFAULT 1, 
	"VELOCIDADE" NUMBER(*,0) DEFAULT 1, 
	"ID_USUARIO" NUMBER, 
	"LADO" NUMBER(1,0) DEFAULT 2, 
	"CONECTADO" NUMBER(*,0) DEFAULT 0, 
	"VIDAMAX" NUMBER DEFAULT 100, 
	"VIDA" NUMBER DEFAULT 100, 
	"EXPERIENCIAMAX" NUMBER DEFAULT 50, 
	"EXPERIENCIA" NUMBER DEFAULT 0, 
	"ATAQUE" NUMBER DEFAULT 1, 
	"NIVEL" NUMBER DEFAULT 1
   ) SEGMENT CREATION IMMEDIATE 
  PCTFREE 10 PCTUSED 40 INITRANS 1 MAXTRANS 255 NOCOMPRESS LOGGING
  STORAGE(INITIAL 65536 NEXT 1048576 MINEXTENTS 1 MAXEXTENTS 2147483645
  PCTINCREASE 0 FREELISTS 1 FREELIST GROUPS 1 BUFFER_POOL DEFAULT FLASH_CACHE DEFAULT CELL_FLASH_CACHE DEFAULT)
  TABLESPACE "SYSTEM" ;

   COMMENT ON COLUMN "BANCO_JOGO"."PERSONAGEM"."ID_USUARIO" IS 'Pertence a quem?
';
--------------------------------------------------------
--  DDL for Table USUARIO
--------------------------------------------------------

  CREATE TABLE "BANCO_JOGO"."USUARIO" 
   (	"ID_USUARIO" NUMBER, 
	"NOME" VARCHAR2(45 BYTE), 
	"SENHA" VARCHAR2(45 BYTE), 
	"EMAIL" VARCHAR2(45 BYTE)
   ) SEGMENT CREATION IMMEDIATE 
  PCTFREE 10 PCTUSED 40 INITRANS 1 MAXTRANS 255 NOCOMPRESS LOGGING
  STORAGE(INITIAL 65536 NEXT 1048576 MINEXTENTS 1 MAXEXTENTS 2147483645
  PCTINCREASE 0 FREELISTS 1 FREELIST GROUPS 1 BUFFER_POOL DEFAULT FLASH_CACHE DEFAULT CELL_FLASH_CACHE DEFAULT)
  TABLESPACE "SYSTEM" ;
--------------------------------------------------------
--  DDL for View VIEW_CHAT
--------------------------------------------------------

  CREATE OR REPLACE FORCE VIEW "BANCO_JOGO"."VIEW_CHAT" ("ID_PERSONAGEM", "TEXTO") AS 
  SELECT ID_PERSONAGEM,TEXTO FROM CHAT WHERE (DATA+INTERVAL '10'SECOND)>=SYSDATE
order by data desc
;
REM INSERTING into BANCO_JOGO.CHAT
SET DEFINE OFF;
Insert into BANCO_JOGO.CHAT (ID_CHAT,ID_PERSONAGEM,TEXTO,DATA) values ('83','162','oi',to_date('28/11/18','DD/MM/RR'));
Insert into BANCO_JOGO.CHAT (ID_CHAT,ID_PERSONAGEM,TEXTO,DATA) values ('84','162','oi',to_date('28/11/18','DD/MM/RR'));
Insert into BANCO_JOGO.CHAT (ID_CHAT,ID_PERSONAGEM,TEXTO,DATA) values ('85','162','asasa',to_date('28/11/18','DD/MM/RR'));
Insert into BANCO_JOGO.CHAT (ID_CHAT,ID_PERSONAGEM,TEXTO,DATA) values ('86','162','assa',to_date('28/11/18','DD/MM/RR'));
Insert into BANCO_JOGO.CHAT (ID_CHAT,ID_PERSONAGEM,TEXTO,DATA) values ('81','162','kakak',to_date('28/11/18','DD/MM/RR'));
Insert into BANCO_JOGO.CHAT (ID_CHAT,ID_PERSONAGEM,TEXTO,DATA) values ('82','162','kakakaak',to_date('28/11/18','DD/MM/RR'));
REM INSERTING into BANCO_JOGO.INVENTARIO
SET DEFINE OFF;
Insert into BANCO_JOGO.INVENTARIO (ID_INVENTARIO,ID_PERSONAGEM,TIPO,TAMANHO) values ('121','161','0','16');
Insert into BANCO_JOGO.INVENTARIO (ID_INVENTARIO,ID_PERSONAGEM,TIPO,TAMANHO) values ('106','145','0','16');
Insert into BANCO_JOGO.INVENTARIO (ID_INVENTARIO,ID_PERSONAGEM,TIPO,TAMANHO) values ('107','145','1','4');
Insert into BANCO_JOGO.INVENTARIO (ID_INVENTARIO,ID_PERSONAGEM,TIPO,TAMANHO) values ('122','161','1','4');
Insert into BANCO_JOGO.INVENTARIO (ID_INVENTARIO,ID_PERSONAGEM,TIPO,TAMANHO) values ('123','162','0','16');
Insert into BANCO_JOGO.INVENTARIO (ID_INVENTARIO,ID_PERSONAGEM,TIPO,TAMANHO) values ('124','162','1','4');
Insert into BANCO_JOGO.INVENTARIO (ID_INVENTARIO,ID_PERSONAGEM,TIPO,TAMANHO) values ('127','164','0','16');
Insert into BANCO_JOGO.INVENTARIO (ID_INVENTARIO,ID_PERSONAGEM,TIPO,TAMANHO) values ('128','164','1','4');
REM INSERTING into BANCO_JOGO.INVENTARIO_ITEM
SET DEFINE OFF;
Insert into BANCO_JOGO.INVENTARIO_ITEM (ID_INVENTARIO_ITEM,ID_INVENTARIO,ID_ITEM,QUANTIDADE) values ('2','107','0','0');
Insert into BANCO_JOGO.INVENTARIO_ITEM (ID_INVENTARIO_ITEM,ID_INVENTARIO,ID_ITEM,QUANTIDADE) values ('3','107','0','0');
Insert into BANCO_JOGO.INVENTARIO_ITEM (ID_INVENTARIO_ITEM,ID_INVENTARIO,ID_ITEM,QUANTIDADE) values ('4','107','0','0');
Insert into BANCO_JOGO.INVENTARIO_ITEM (ID_INVENTARIO_ITEM,ID_INVENTARIO,ID_ITEM,QUANTIDADE) values ('1','121','0','0');
Insert into BANCO_JOGO.INVENTARIO_ITEM (ID_INVENTARIO_ITEM,ID_INVENTARIO,ID_ITEM,QUANTIDADE) values ('2','121','0','0');
Insert into BANCO_JOGO.INVENTARIO_ITEM (ID_INVENTARIO_ITEM,ID_INVENTARIO,ID_ITEM,QUANTIDADE) values ('3','121','0','0');
Insert into BANCO_JOGO.INVENTARIO_ITEM (ID_INVENTARIO_ITEM,ID_INVENTARIO,ID_ITEM,QUANTIDADE) values ('4','121','0','0');
Insert into BANCO_JOGO.INVENTARIO_ITEM (ID_INVENTARIO_ITEM,ID_INVENTARIO,ID_ITEM,QUANTIDADE) values ('5','121','0','0');
Insert into BANCO_JOGO.INVENTARIO_ITEM (ID_INVENTARIO_ITEM,ID_INVENTARIO,ID_ITEM,QUANTIDADE) values ('6','121','0','0');
Insert into BANCO_JOGO.INVENTARIO_ITEM (ID_INVENTARIO_ITEM,ID_INVENTARIO,ID_ITEM,QUANTIDADE) values ('7','121','0','0');
Insert into BANCO_JOGO.INVENTARIO_ITEM (ID_INVENTARIO_ITEM,ID_INVENTARIO,ID_ITEM,QUANTIDADE) values ('8','121','0','0');
Insert into BANCO_JOGO.INVENTARIO_ITEM (ID_INVENTARIO_ITEM,ID_INVENTARIO,ID_ITEM,QUANTIDADE) values ('9','121','0','0');
Insert into BANCO_JOGO.INVENTARIO_ITEM (ID_INVENTARIO_ITEM,ID_INVENTARIO,ID_ITEM,QUANTIDADE) values ('10','121','0','0');
Insert into BANCO_JOGO.INVENTARIO_ITEM (ID_INVENTARIO_ITEM,ID_INVENTARIO,ID_ITEM,QUANTIDADE) values ('11','121','0','0');
Insert into BANCO_JOGO.INVENTARIO_ITEM (ID_INVENTARIO_ITEM,ID_INVENTARIO,ID_ITEM,QUANTIDADE) values ('12','121','0','0');
Insert into BANCO_JOGO.INVENTARIO_ITEM (ID_INVENTARIO_ITEM,ID_INVENTARIO,ID_ITEM,QUANTIDADE) values ('13','121','0','0');
Insert into BANCO_JOGO.INVENTARIO_ITEM (ID_INVENTARIO_ITEM,ID_INVENTARIO,ID_ITEM,QUANTIDADE) values ('14','121','0','0');
Insert into BANCO_JOGO.INVENTARIO_ITEM (ID_INVENTARIO_ITEM,ID_INVENTARIO,ID_ITEM,QUANTIDADE) values ('15','121','0','0');
Insert into BANCO_JOGO.INVENTARIO_ITEM (ID_INVENTARIO_ITEM,ID_INVENTARIO,ID_ITEM,QUANTIDADE) values ('16','121','0','0');
Insert into BANCO_JOGO.INVENTARIO_ITEM (ID_INVENTARIO_ITEM,ID_INVENTARIO,ID_ITEM,QUANTIDADE) values ('1','122','0','0');
Insert into BANCO_JOGO.INVENTARIO_ITEM (ID_INVENTARIO_ITEM,ID_INVENTARIO,ID_ITEM,QUANTIDADE) values ('2','122','0','0');
Insert into BANCO_JOGO.INVENTARIO_ITEM (ID_INVENTARIO_ITEM,ID_INVENTARIO,ID_ITEM,QUANTIDADE) values ('3','122','0','0');
Insert into BANCO_JOGO.INVENTARIO_ITEM (ID_INVENTARIO_ITEM,ID_INVENTARIO,ID_ITEM,QUANTIDADE) values ('4','122','0','0');
Insert into BANCO_JOGO.INVENTARIO_ITEM (ID_INVENTARIO_ITEM,ID_INVENTARIO,ID_ITEM,QUANTIDADE) values ('1','123','0','0');
Insert into BANCO_JOGO.INVENTARIO_ITEM (ID_INVENTARIO_ITEM,ID_INVENTARIO,ID_ITEM,QUANTIDADE) values ('2','123','12','126');
Insert into BANCO_JOGO.INVENTARIO_ITEM (ID_INVENTARIO_ITEM,ID_INVENTARIO,ID_ITEM,QUANTIDADE) values ('3','123','1','50');
Insert into BANCO_JOGO.INVENTARIO_ITEM (ID_INVENTARIO_ITEM,ID_INVENTARIO,ID_ITEM,QUANTIDADE) values ('4','123','12','64');
Insert into BANCO_JOGO.INVENTARIO_ITEM (ID_INVENTARIO_ITEM,ID_INVENTARIO,ID_ITEM,QUANTIDADE) values ('5','123','0','0');
Insert into BANCO_JOGO.INVENTARIO_ITEM (ID_INVENTARIO_ITEM,ID_INVENTARIO,ID_ITEM,QUANTIDADE) values ('6','123','0','0');
Insert into BANCO_JOGO.INVENTARIO_ITEM (ID_INVENTARIO_ITEM,ID_INVENTARIO,ID_ITEM,QUANTIDADE) values ('7','123','0','0');
Insert into BANCO_JOGO.INVENTARIO_ITEM (ID_INVENTARIO_ITEM,ID_INVENTARIO,ID_ITEM,QUANTIDADE) values ('8','123','0','0');
Insert into BANCO_JOGO.INVENTARIO_ITEM (ID_INVENTARIO_ITEM,ID_INVENTARIO,ID_ITEM,QUANTIDADE) values ('9','123','0','0');
Insert into BANCO_JOGO.INVENTARIO_ITEM (ID_INVENTARIO_ITEM,ID_INVENTARIO,ID_ITEM,QUANTIDADE) values ('10','123','0','0');
Insert into BANCO_JOGO.INVENTARIO_ITEM (ID_INVENTARIO_ITEM,ID_INVENTARIO,ID_ITEM,QUANTIDADE) values ('11','123','0','0');
Insert into BANCO_JOGO.INVENTARIO_ITEM (ID_INVENTARIO_ITEM,ID_INVENTARIO,ID_ITEM,QUANTIDADE) values ('12','123','0','0');
Insert into BANCO_JOGO.INVENTARIO_ITEM (ID_INVENTARIO_ITEM,ID_INVENTARIO,ID_ITEM,QUANTIDADE) values ('13','123','0','0');
Insert into BANCO_JOGO.INVENTARIO_ITEM (ID_INVENTARIO_ITEM,ID_INVENTARIO,ID_ITEM,QUANTIDADE) values ('14','123','0','0');
Insert into BANCO_JOGO.INVENTARIO_ITEM (ID_INVENTARIO_ITEM,ID_INVENTARIO,ID_ITEM,QUANTIDADE) values ('15','123','0','0');
Insert into BANCO_JOGO.INVENTARIO_ITEM (ID_INVENTARIO_ITEM,ID_INVENTARIO,ID_ITEM,QUANTIDADE) values ('16','123','0','0');
Insert into BANCO_JOGO.INVENTARIO_ITEM (ID_INVENTARIO_ITEM,ID_INVENTARIO,ID_ITEM,QUANTIDADE) values ('1','124','0','0');
Insert into BANCO_JOGO.INVENTARIO_ITEM (ID_INVENTARIO_ITEM,ID_INVENTARIO,ID_ITEM,QUANTIDADE) values ('2','124','0','0');
Insert into BANCO_JOGO.INVENTARIO_ITEM (ID_INVENTARIO_ITEM,ID_INVENTARIO,ID_ITEM,QUANTIDADE) values ('3','124','0','0');
Insert into BANCO_JOGO.INVENTARIO_ITEM (ID_INVENTARIO_ITEM,ID_INVENTARIO,ID_ITEM,QUANTIDADE) values ('4','124','0','0');
Insert into BANCO_JOGO.INVENTARIO_ITEM (ID_INVENTARIO_ITEM,ID_INVENTARIO,ID_ITEM,QUANTIDADE) values ('1','127','0','0');
Insert into BANCO_JOGO.INVENTARIO_ITEM (ID_INVENTARIO_ITEM,ID_INVENTARIO,ID_ITEM,QUANTIDADE) values ('2','127','0','0');
Insert into BANCO_JOGO.INVENTARIO_ITEM (ID_INVENTARIO_ITEM,ID_INVENTARIO,ID_ITEM,QUANTIDADE) values ('3','127','0','0');
Insert into BANCO_JOGO.INVENTARIO_ITEM (ID_INVENTARIO_ITEM,ID_INVENTARIO,ID_ITEM,QUANTIDADE) values ('4','127','0','0');
Insert into BANCO_JOGO.INVENTARIO_ITEM (ID_INVENTARIO_ITEM,ID_INVENTARIO,ID_ITEM,QUANTIDADE) values ('5','127','0','0');
Insert into BANCO_JOGO.INVENTARIO_ITEM (ID_INVENTARIO_ITEM,ID_INVENTARIO,ID_ITEM,QUANTIDADE) values ('6','127','0','0');
Insert into BANCO_JOGO.INVENTARIO_ITEM (ID_INVENTARIO_ITEM,ID_INVENTARIO,ID_ITEM,QUANTIDADE) values ('7','127','0','0');
Insert into BANCO_JOGO.INVENTARIO_ITEM (ID_INVENTARIO_ITEM,ID_INVENTARIO,ID_ITEM,QUANTIDADE) values ('8','127','0','0');
Insert into BANCO_JOGO.INVENTARIO_ITEM (ID_INVENTARIO_ITEM,ID_INVENTARIO,ID_ITEM,QUANTIDADE) values ('9','127','0','0');
Insert into BANCO_JOGO.INVENTARIO_ITEM (ID_INVENTARIO_ITEM,ID_INVENTARIO,ID_ITEM,QUANTIDADE) values ('10','127','0','0');
Insert into BANCO_JOGO.INVENTARIO_ITEM (ID_INVENTARIO_ITEM,ID_INVENTARIO,ID_ITEM,QUANTIDADE) values ('11','127','0','0');
Insert into BANCO_JOGO.INVENTARIO_ITEM (ID_INVENTARIO_ITEM,ID_INVENTARIO,ID_ITEM,QUANTIDADE) values ('12','127','0','0');
Insert into BANCO_JOGO.INVENTARIO_ITEM (ID_INVENTARIO_ITEM,ID_INVENTARIO,ID_ITEM,QUANTIDADE) values ('13','127','0','0');
Insert into BANCO_JOGO.INVENTARIO_ITEM (ID_INVENTARIO_ITEM,ID_INVENTARIO,ID_ITEM,QUANTIDADE) values ('14','127','0','0');
Insert into BANCO_JOGO.INVENTARIO_ITEM (ID_INVENTARIO_ITEM,ID_INVENTARIO,ID_ITEM,QUANTIDADE) values ('15','127','0','0');
Insert into BANCO_JOGO.INVENTARIO_ITEM (ID_INVENTARIO_ITEM,ID_INVENTARIO,ID_ITEM,QUANTIDADE) values ('16','127','0','0');
Insert into BANCO_JOGO.INVENTARIO_ITEM (ID_INVENTARIO_ITEM,ID_INVENTARIO,ID_ITEM,QUANTIDADE) values ('1','128','0','0');
Insert into BANCO_JOGO.INVENTARIO_ITEM (ID_INVENTARIO_ITEM,ID_INVENTARIO,ID_ITEM,QUANTIDADE) values ('2','128','0','0');
Insert into BANCO_JOGO.INVENTARIO_ITEM (ID_INVENTARIO_ITEM,ID_INVENTARIO,ID_ITEM,QUANTIDADE) values ('3','128','0','0');
Insert into BANCO_JOGO.INVENTARIO_ITEM (ID_INVENTARIO_ITEM,ID_INVENTARIO,ID_ITEM,QUANTIDADE) values ('4','128','0','0');
Insert into BANCO_JOGO.INVENTARIO_ITEM (ID_INVENTARIO_ITEM,ID_INVENTARIO,ID_ITEM,QUANTIDADE) values ('1','106','12','4');
Insert into BANCO_JOGO.INVENTARIO_ITEM (ID_INVENTARIO_ITEM,ID_INVENTARIO,ID_ITEM,QUANTIDADE) values ('2','106','12','6');
Insert into BANCO_JOGO.INVENTARIO_ITEM (ID_INVENTARIO_ITEM,ID_INVENTARIO,ID_ITEM,QUANTIDADE) values ('3','106','0','0');
Insert into BANCO_JOGO.INVENTARIO_ITEM (ID_INVENTARIO_ITEM,ID_INVENTARIO,ID_ITEM,QUANTIDADE) values ('4','106','0','0');
Insert into BANCO_JOGO.INVENTARIO_ITEM (ID_INVENTARIO_ITEM,ID_INVENTARIO,ID_ITEM,QUANTIDADE) values ('5','106','0','0');
Insert into BANCO_JOGO.INVENTARIO_ITEM (ID_INVENTARIO_ITEM,ID_INVENTARIO,ID_ITEM,QUANTIDADE) values ('6','106','11','8');
Insert into BANCO_JOGO.INVENTARIO_ITEM (ID_INVENTARIO_ITEM,ID_INVENTARIO,ID_ITEM,QUANTIDADE) values ('7','106','0','0');
Insert into BANCO_JOGO.INVENTARIO_ITEM (ID_INVENTARIO_ITEM,ID_INVENTARIO,ID_ITEM,QUANTIDADE) values ('8','106','0','0');
Insert into BANCO_JOGO.INVENTARIO_ITEM (ID_INVENTARIO_ITEM,ID_INVENTARIO,ID_ITEM,QUANTIDADE) values ('9','106','0','0');
Insert into BANCO_JOGO.INVENTARIO_ITEM (ID_INVENTARIO_ITEM,ID_INVENTARIO,ID_ITEM,QUANTIDADE) values ('10','106','0','0');
Insert into BANCO_JOGO.INVENTARIO_ITEM (ID_INVENTARIO_ITEM,ID_INVENTARIO,ID_ITEM,QUANTIDADE) values ('11','106','0','0');
Insert into BANCO_JOGO.INVENTARIO_ITEM (ID_INVENTARIO_ITEM,ID_INVENTARIO,ID_ITEM,QUANTIDADE) values ('12','106','0','0');
Insert into BANCO_JOGO.INVENTARIO_ITEM (ID_INVENTARIO_ITEM,ID_INVENTARIO,ID_ITEM,QUANTIDADE) values ('13','106','0','0');
Insert into BANCO_JOGO.INVENTARIO_ITEM (ID_INVENTARIO_ITEM,ID_INVENTARIO,ID_ITEM,QUANTIDADE) values ('14','106','0','0');
Insert into BANCO_JOGO.INVENTARIO_ITEM (ID_INVENTARIO_ITEM,ID_INVENTARIO,ID_ITEM,QUANTIDADE) values ('15','106','0','0');
Insert into BANCO_JOGO.INVENTARIO_ITEM (ID_INVENTARIO_ITEM,ID_INVENTARIO,ID_ITEM,QUANTIDADE) values ('16','106','0','0');
Insert into BANCO_JOGO.INVENTARIO_ITEM (ID_INVENTARIO_ITEM,ID_INVENTARIO,ID_ITEM,QUANTIDADE) values ('1','107','0','0');
REM INSERTING into BANCO_JOGO.ITEM
SET DEFINE OFF;
Insert into BANCO_JOGO.ITEM (ID_ITEM,NOME) values ('1','Madeira');
Insert into BANCO_JOGO.ITEM (ID_ITEM,NOME) values ('2','Pedra');
Insert into BANCO_JOGO.ITEM (ID_ITEM,NOME) values ('11','Tábua');
Insert into BANCO_JOGO.ITEM (ID_ITEM,NOME) values ('12','Bloco de pedra');
Insert into BANCO_JOGO.ITEM (ID_ITEM,NOME) values ('30','Capivara');
Insert into BANCO_JOGO.ITEM (ID_ITEM,NOME) values ('31','Cabeça de cristian');
REM INSERTING into BANCO_JOGO.MAPA
SET DEFINE OFF;
Insert into BANCO_JOGO.MAPA (ID_MAPA,LARGURA,ALTURA,TIPO,NOME,ID_PERSONAGEM) values ('1','1000','1000','1','Terra da platinhas muito DOIDAS',null);
Insert into BANCO_JOGO.MAPA (ID_MAPA,LARGURA,ALTURA,TIPO,NOME,ID_PERSONAGEM) values ('3','1500','1500','3','MAX WORLD',null);
Insert into BANCO_JOGO.MAPA (ID_MAPA,LARGURA,ALTURA,TIPO,NOME,ID_PERSONAGEM) values ('5','400','400','1','Aleatorio',null);
Insert into BANCO_JOGO.MAPA (ID_MAPA,LARGURA,ALTURA,TIPO,NOME,ID_PERSONAGEM) values ('10','100','200','1','creu',null);
Insert into BANCO_JOGO.MAPA (ID_MAPA,LARGURA,ALTURA,TIPO,NOME,ID_PERSONAGEM) values ('2','300','300','2','Só pedra',null);
Insert into BANCO_JOGO.MAPA (ID_MAPA,LARGURA,ALTURA,TIPO,NOME,ID_PERSONAGEM) values ('11','1000','1000','1','oloco',null);
Insert into BANCO_JOGO.MAPA (ID_MAPA,LARGURA,ALTURA,TIPO,NOME,ID_PERSONAGEM) values ('12','2000','2000','1','Jailson adoro',null);
REM INSERTING into BANCO_JOGO.OBJETO_MAPA
SET DEFINE OFF;
Insert into BANCO_JOGO.OBJETO_MAPA (ID_OBJETO,ID_MAPA,ID_PERSONAGEM,TIPO,POSX,POSY,VIDA) values ('298','3','122','10','743','659','10');
Insert into BANCO_JOGO.OBJETO_MAPA (ID_OBJETO,ID_MAPA,ID_PERSONAGEM,TIPO,POSX,POSY,VIDA) values ('347','1',null,'1','400','400','66');
Insert into BANCO_JOGO.OBJETO_MAPA (ID_OBJETO,ID_MAPA,ID_PERSONAGEM,TIPO,POSX,POSY,VIDA) values ('300','3','122','10','726','166','10');
Insert into BANCO_JOGO.OBJETO_MAPA (ID_OBJETO,ID_MAPA,ID_PERSONAGEM,TIPO,POSX,POSY,VIDA) values ('299','3','122','10','1115','305','10');
Insert into BANCO_JOGO.OBJETO_MAPA (ID_OBJETO,ID_MAPA,ID_PERSONAGEM,TIPO,POSX,POSY,VIDA) values ('301','3','122','10','1164','155','10');
Insert into BANCO_JOGO.OBJETO_MAPA (ID_OBJETO,ID_MAPA,ID_PERSONAGEM,TIPO,POSX,POSY,VIDA) values ('302','1','122','10','466','376','10');
Insert into BANCO_JOGO.OBJETO_MAPA (ID_OBJETO,ID_MAPA,ID_PERSONAGEM,TIPO,POSX,POSY,VIDA) values ('348','1',null,'0','600','600','100');
Insert into BANCO_JOGO.OBJETO_MAPA (ID_OBJETO,ID_MAPA,ID_PERSONAGEM,TIPO,POSX,POSY,VIDA) values ('364','1','162','10','117','376','10');
Insert into BANCO_JOGO.OBJETO_MAPA (ID_OBJETO,ID_MAPA,ID_PERSONAGEM,TIPO,POSX,POSY,VIDA) values ('365','1','162','30','170','571','10');
Insert into BANCO_JOGO.OBJETO_MAPA (ID_OBJETO,ID_MAPA,ID_PERSONAGEM,TIPO,POSX,POSY,VIDA) values ('366','12','162','10','545','1085','10');
REM INSERTING into BANCO_JOGO.PERSONAGEM
SET DEFINE OFF;
Insert into BANCO_JOGO.PERSONAGEM (ID_PERSONAGEM,SPRITE,NOME,POSX,POSY,ID_MAPA,VELOCIDADE,ID_USUARIO,LADO,CONECTADO,VIDAMAX,VIDA,EXPERIENCIAMAX,EXPERIENCIA,ATAQUE,NIVEL) values ('161','0','tob','686','175','1','1','85','1','0','100','100','50','0','1','1');
Insert into BANCO_JOGO.PERSONAGEM (ID_PERSONAGEM,SPRITE,NOME,POSX,POSY,ID_MAPA,VELOCIDADE,ID_USUARIO,LADO,CONECTADO,VIDAMAX,VIDA,EXPERIENCIAMAX,EXPERIENCIA,ATAQUE,NIVEL) values ('145','0','asasa','157','488','1','1','1','3','0','112','100','200','108','7','3');
Insert into BANCO_JOGO.PERSONAGEM (ID_PERSONAGEM,SPRITE,NOME,POSX,POSY,ID_MAPA,VELOCIDADE,ID_USUARIO,LADO,CONECTADO,VIDAMAX,VIDA,EXPERIENCIAMAX,EXPERIENCIA,ATAQUE,NIVEL) values ('122','2','pp','658','341','1','5','45','1','0','137','100','400','3','6','4');
Insert into BANCO_JOGO.PERSONAGEM (ID_PERSONAGEM,SPRITE,NOME,POSX,POSY,ID_MAPA,VELOCIDADE,ID_USUARIO,LADO,CONECTADO,VIDAMAX,VIDA,EXPERIENCIAMAX,EXPERIENCIA,ATAQUE,NIVEL) values ('162','9','MAX','384','760','12','1','86','3','0','130','100','400','54','7','4');
Insert into BANCO_JOGO.PERSONAGEM (ID_PERSONAGEM,SPRITE,NOME,POSX,POSY,ID_MAPA,VELOCIDADE,ID_USUARIO,LADO,CONECTADO,VIDAMAX,VIDA,EXPERIENCIAMAX,EXPERIENCIA,ATAQUE,NIVEL) values ('164','3','PIOLHO','733','730','3','1','86','2','0','100','100','50','0','1','1');
REM INSERTING into BANCO_JOGO.USUARIO
SET DEFINE OFF;
Insert into BANCO_JOGO.USUARIO (ID_USUARIO,NOME,SENHA,EMAIL) values ('1','Maicon','Maicon','maiconhcmachado@gmail.com');
Insert into BANCO_JOGO.USUARIO (ID_USUARIO,NOME,SENHA,EMAIL) values ('6','A','A','A');
Insert into BANCO_JOGO.USUARIO (ID_USUARIO,NOME,SENHA,EMAIL) values ('25','Peludinho','abc','maicon@machado.com');
Insert into BANCO_JOGO.USUARIO (ID_USUARIO,NOME,SENHA,EMAIL) values ('45','cris','123','123');
Insert into BANCO_JOGO.USUARIO (ID_USUARIO,NOME,SENHA,EMAIL) values ('85','oie','oie','123');
Insert into BANCO_JOGO.USUARIO (ID_USUARIO,NOME,SENHA,EMAIL) values ('86','MAXAMIGO','MAX','123');
--------------------------------------------------------
--  DDL for Index ITEM_PK
--------------------------------------------------------

  CREATE UNIQUE INDEX "BANCO_JOGO"."ITEM_PK" ON "BANCO_JOGO"."ITEM" ("ID_ITEM") 
  PCTFREE 10 INITRANS 2 MAXTRANS 255 COMPUTE STATISTICS 
  STORAGE(INITIAL 65536 NEXT 1048576 MINEXTENTS 1 MAXEXTENTS 2147483645
  PCTINCREASE 0 FREELISTS 1 FREELIST GROUPS 1 BUFFER_POOL DEFAULT FLASH_CACHE DEFAULT CELL_FLASH_CACHE DEFAULT)
  TABLESPACE "SYSTEM" ;
--------------------------------------------------------
--  DDL for Index INVENTARIO_ITEM_PK
--------------------------------------------------------

  CREATE UNIQUE INDEX "BANCO_JOGO"."INVENTARIO_ITEM_PK" ON "BANCO_JOGO"."INVENTARIO_ITEM" ("ID_INVENTARIO_ITEM", "ID_INVENTARIO") 
  PCTFREE 10 INITRANS 2 MAXTRANS 255 COMPUTE STATISTICS 
  STORAGE(INITIAL 65536 NEXT 1048576 MINEXTENTS 1 MAXEXTENTS 2147483645
  PCTINCREASE 0 FREELISTS 1 FREELIST GROUPS 1 BUFFER_POOL DEFAULT FLASH_CACHE DEFAULT CELL_FLASH_CACHE DEFAULT)
  TABLESPACE "SYSTEM" ;
--------------------------------------------------------
--  DDL for Index PERSONAGEM_UK1
--------------------------------------------------------

  CREATE UNIQUE INDEX "BANCO_JOGO"."PERSONAGEM_UK1" ON "BANCO_JOGO"."PERSONAGEM" ("NOME") 
  PCTFREE 10 INITRANS 2 MAXTRANS 255 COMPUTE STATISTICS 
  STORAGE(INITIAL 65536 NEXT 1048576 MINEXTENTS 1 MAXEXTENTS 2147483645
  PCTINCREASE 0 FREELISTS 1 FREELIST GROUPS 1 BUFFER_POOL DEFAULT FLASH_CACHE DEFAULT CELL_FLASH_CACHE DEFAULT)
  TABLESPACE "SYSTEM" ;
--------------------------------------------------------
--  DDL for Index MAPA_PK
--------------------------------------------------------

  CREATE UNIQUE INDEX "BANCO_JOGO"."MAPA_PK" ON "BANCO_JOGO"."MAPA" ("ID_MAPA") 
  PCTFREE 10 INITRANS 2 MAXTRANS 255 COMPUTE STATISTICS 
  STORAGE(INITIAL 65536 NEXT 1048576 MINEXTENTS 1 MAXEXTENTS 2147483645
  PCTINCREASE 0 FREELISTS 1 FREELIST GROUPS 1 BUFFER_POOL DEFAULT FLASH_CACHE DEFAULT CELL_FLASH_CACHE DEFAULT)
  TABLESPACE "SYSTEM" ;
--------------------------------------------------------
--  DDL for Index USUARIO_UK1
--------------------------------------------------------

  CREATE UNIQUE INDEX "BANCO_JOGO"."USUARIO_UK1" ON "BANCO_JOGO"."USUARIO" ("NOME") 
  PCTFREE 10 INITRANS 2 MAXTRANS 255 COMPUTE STATISTICS 
  STORAGE(INITIAL 65536 NEXT 1048576 MINEXTENTS 1 MAXEXTENTS 2147483645
  PCTINCREASE 0 FREELISTS 1 FREELIST GROUPS 1 BUFFER_POOL DEFAULT FLASH_CACHE DEFAULT CELL_FLASH_CACHE DEFAULT)
  TABLESPACE "SYSTEM" ;
--------------------------------------------------------
--  DDL for Index USUARIO_PK
--------------------------------------------------------

  CREATE UNIQUE INDEX "BANCO_JOGO"."USUARIO_PK" ON "BANCO_JOGO"."USUARIO" ("ID_USUARIO") 
  PCTFREE 10 INITRANS 2 MAXTRANS 255 COMPUTE STATISTICS 
  STORAGE(INITIAL 65536 NEXT 1048576 MINEXTENTS 1 MAXEXTENTS 2147483645
  PCTINCREASE 0 FREELISTS 1 FREELIST GROUPS 1 BUFFER_POOL DEFAULT FLASH_CACHE DEFAULT CELL_FLASH_CACHE DEFAULT)
  TABLESPACE "SYSTEM" ;
--------------------------------------------------------
--  DDL for Index PERSONAGEM_PK
--------------------------------------------------------

  CREATE UNIQUE INDEX "BANCO_JOGO"."PERSONAGEM_PK" ON "BANCO_JOGO"."PERSONAGEM" ("ID_PERSONAGEM") 
  PCTFREE 10 INITRANS 2 MAXTRANS 255 COMPUTE STATISTICS 
  STORAGE(INITIAL 65536 NEXT 1048576 MINEXTENTS 1 MAXEXTENTS 2147483645
  PCTINCREASE 0 FREELISTS 1 FREELIST GROUPS 1 BUFFER_POOL DEFAULT FLASH_CACHE DEFAULT CELL_FLASH_CACHE DEFAULT)
  TABLESPACE "SYSTEM" ;
--------------------------------------------------------
--  DDL for Index OBJETOS_MAPA_PK
--------------------------------------------------------

  CREATE UNIQUE INDEX "BANCO_JOGO"."OBJETOS_MAPA_PK" ON "BANCO_JOGO"."OBJETO_MAPA" ("ID_OBJETO") 
  PCTFREE 10 INITRANS 2 MAXTRANS 255 COMPUTE STATISTICS 
  STORAGE(INITIAL 65536 NEXT 1048576 MINEXTENTS 1 MAXEXTENTS 2147483645
  PCTINCREASE 0 FREELISTS 1 FREELIST GROUPS 1 BUFFER_POOL DEFAULT FLASH_CACHE DEFAULT CELL_FLASH_CACHE DEFAULT)
  TABLESPACE "SYSTEM" ;
--------------------------------------------------------
--  DDL for Index CHAT_PK
--------------------------------------------------------

  CREATE UNIQUE INDEX "BANCO_JOGO"."CHAT_PK" ON "BANCO_JOGO"."CHAT" ("ID_CHAT") 
  PCTFREE 10 INITRANS 2 MAXTRANS 255 COMPUTE STATISTICS 
  STORAGE(INITIAL 65536 NEXT 1048576 MINEXTENTS 1 MAXEXTENTS 2147483645
  PCTINCREASE 0 FREELISTS 1 FREELIST GROUPS 1 BUFFER_POOL DEFAULT FLASH_CACHE DEFAULT CELL_FLASH_CACHE DEFAULT)
  TABLESPACE "SYSTEM" ;
--------------------------------------------------------
--  DDL for Index INVENTARIO_PK
--------------------------------------------------------

  CREATE UNIQUE INDEX "BANCO_JOGO"."INVENTARIO_PK" ON "BANCO_JOGO"."INVENTARIO" ("ID_INVENTARIO") 
  PCTFREE 10 INITRANS 2 MAXTRANS 255 COMPUTE STATISTICS 
  STORAGE(INITIAL 65536 NEXT 1048576 MINEXTENTS 1 MAXEXTENTS 2147483645
  PCTINCREASE 0 FREELISTS 1 FREELIST GROUPS 1 BUFFER_POOL DEFAULT FLASH_CACHE DEFAULT CELL_FLASH_CACHE DEFAULT)
  TABLESPACE "SYSTEM" ;
--------------------------------------------------------
--  DDL for Trigger CHAT_ON_INSERT
--------------------------------------------------------

  CREATE OR REPLACE TRIGGER "BANCO_JOGO"."CHAT_ON_INSERT" 
  BEFORE INSERT ON CHAT
  FOR EACH ROW
BEGIN
  SELECT CHAT_sequence.nextval
  INTO :new.id_CHAT
  FROM dual;
  SELECT SYSDATE
  INTO :new.DATA
  FROM dual;
END;
/
ALTER TRIGGER "BANCO_JOGO"."CHAT_ON_INSERT" ENABLE;
--------------------------------------------------------
--  DDL for Trigger INVENTARIO_ON_INSERT
--------------------------------------------------------

  CREATE OR REPLACE TRIGGER "BANCO_JOGO"."INVENTARIO_ON_INSERT" 
  BEFORE INSERT ON INVENTARIO
  FOR EACH ROW
BEGIN
  SELECT INVENTARIO_sequence.nextval
  INTO :new.id_inventario
  FROM dual;
END;
/
ALTER TRIGGER "BANCO_JOGO"."INVENTARIO_ON_INSERT" ENABLE;
--------------------------------------------------------
--  DDL for Trigger MAPA_ON_INSERT
--------------------------------------------------------

  CREATE OR REPLACE TRIGGER "BANCO_JOGO"."MAPA_ON_INSERT" 
  BEFORE INSERT ON mapa
  FOR EACH ROW
BEGIN
  SELECT MAPA_SEQUENCE.nextval
  INTO :new.id_mapa
  FROM dual;
END;
/
ALTER TRIGGER "BANCO_JOGO"."MAPA_ON_INSERT" ENABLE;
--------------------------------------------------------
--  DDL for Trigger OBJETO_MAPA_ON_INSERT
--------------------------------------------------------

  CREATE OR REPLACE TRIGGER "BANCO_JOGO"."OBJETO_MAPA_ON_INSERT" 
  BEFORE INSERT ON objeto_mapa
  FOR EACH ROW
BEGIN
  SELECT objeto_mapa_SEQUENCE.nextval
  INTO :new.id_objeto
  FROM dual;
END;
/
ALTER TRIGGER "BANCO_JOGO"."OBJETO_MAPA_ON_INSERT" ENABLE;
--------------------------------------------------------
--  DDL for Trigger PERSONAGEM_ON_INSERT
--------------------------------------------------------

  CREATE OR REPLACE TRIGGER "BANCO_JOGO"."PERSONAGEM_ON_INSERT" 
  BEFORE INSERT ON personagem
  FOR EACH ROW
BEGIN
  SELECT personagem_SEQUENCE.nextval
  INTO :new.id_personagem
  FROM dual;
END;
/
ALTER TRIGGER "BANCO_JOGO"."PERSONAGEM_ON_INSERT" ENABLE;
--------------------------------------------------------
--  DDL for Trigger USUARIO_ON_INSERT
--------------------------------------------------------

  CREATE OR REPLACE TRIGGER "BANCO_JOGO"."USUARIO_ON_INSERT" 
  BEFORE INSERT ON usuario
  FOR EACH ROW
BEGIN
  SELECT USUARIO_SEQUENCE.nextval
  INTO :new.id_usuario
  FROM dual;
END;
/
ALTER TRIGGER "BANCO_JOGO"."USUARIO_ON_INSERT" ENABLE;
--------------------------------------------------------
--  Constraints for Table USUARIO
--------------------------------------------------------

  ALTER TABLE "BANCO_JOGO"."USUARIO" ADD CONSTRAINT "USUARIO_UK1" UNIQUE ("NOME")
  USING INDEX PCTFREE 10 INITRANS 2 MAXTRANS 255 COMPUTE STATISTICS 
  STORAGE(INITIAL 65536 NEXT 1048576 MINEXTENTS 1 MAXEXTENTS 2147483645
  PCTINCREASE 0 FREELISTS 1 FREELIST GROUPS 1 BUFFER_POOL DEFAULT FLASH_CACHE DEFAULT CELL_FLASH_CACHE DEFAULT)
  TABLESPACE "SYSTEM"  ENABLE;
  ALTER TABLE "BANCO_JOGO"."USUARIO" ADD CONSTRAINT "USUARIO_PK" PRIMARY KEY ("ID_USUARIO")
  USING INDEX PCTFREE 10 INITRANS 2 MAXTRANS 255 COMPUTE STATISTICS 
  STORAGE(INITIAL 65536 NEXT 1048576 MINEXTENTS 1 MAXEXTENTS 2147483645
  PCTINCREASE 0 FREELISTS 1 FREELIST GROUPS 1 BUFFER_POOL DEFAULT FLASH_CACHE DEFAULT CELL_FLASH_CACHE DEFAULT)
  TABLESPACE "SYSTEM"  ENABLE;
  ALTER TABLE "BANCO_JOGO"."USUARIO" MODIFY ("SENHA" NOT NULL ENABLE);
  ALTER TABLE "BANCO_JOGO"."USUARIO" MODIFY ("NOME" NOT NULL ENABLE);
  ALTER TABLE "BANCO_JOGO"."USUARIO" MODIFY ("ID_USUARIO" NOT NULL ENABLE);
--------------------------------------------------------
--  Constraints for Table OBJETO_MAPA
--------------------------------------------------------

  ALTER TABLE "BANCO_JOGO"."OBJETO_MAPA" MODIFY ("POSY" NOT NULL ENABLE);
  ALTER TABLE "BANCO_JOGO"."OBJETO_MAPA" MODIFY ("POSX" NOT NULL ENABLE);
  ALTER TABLE "BANCO_JOGO"."OBJETO_MAPA" MODIFY ("TIPO" NOT NULL ENABLE);
  ALTER TABLE "BANCO_JOGO"."OBJETO_MAPA" MODIFY ("ID_MAPA" NOT NULL ENABLE);
  ALTER TABLE "BANCO_JOGO"."OBJETO_MAPA" ADD CONSTRAINT "OBJETOS_MAPA_PK" PRIMARY KEY ("ID_OBJETO")
  USING INDEX PCTFREE 10 INITRANS 2 MAXTRANS 255 COMPUTE STATISTICS 
  STORAGE(INITIAL 65536 NEXT 1048576 MINEXTENTS 1 MAXEXTENTS 2147483645
  PCTINCREASE 0 FREELISTS 1 FREELIST GROUPS 1 BUFFER_POOL DEFAULT FLASH_CACHE DEFAULT CELL_FLASH_CACHE DEFAULT)
  TABLESPACE "SYSTEM"  ENABLE;
  ALTER TABLE "BANCO_JOGO"."OBJETO_MAPA" MODIFY ("ID_OBJETO" NOT NULL ENABLE);
--------------------------------------------------------
--  Constraints for Table PERSONAGEM
--------------------------------------------------------

  ALTER TABLE "BANCO_JOGO"."PERSONAGEM" ADD CONSTRAINT "PORRANAOROUBAMEUNOME" UNIQUE ("NOME")
  USING INDEX PCTFREE 10 INITRANS 2 MAXTRANS 255 COMPUTE STATISTICS 
  STORAGE(INITIAL 65536 NEXT 1048576 MINEXTENTS 1 MAXEXTENTS 2147483645
  PCTINCREASE 0 FREELISTS 1 FREELIST GROUPS 1 BUFFER_POOL DEFAULT FLASH_CACHE DEFAULT CELL_FLASH_CACHE DEFAULT)
  TABLESPACE "SYSTEM"  ENABLE;
  ALTER TABLE "BANCO_JOGO"."PERSONAGEM" ADD CONSTRAINT "PERSONAGEM_PK" PRIMARY KEY ("ID_PERSONAGEM")
  USING INDEX PCTFREE 10 INITRANS 2 MAXTRANS 255 COMPUTE STATISTICS 
  STORAGE(INITIAL 65536 NEXT 1048576 MINEXTENTS 1 MAXEXTENTS 2147483645
  PCTINCREASE 0 FREELISTS 1 FREELIST GROUPS 1 BUFFER_POOL DEFAULT FLASH_CACHE DEFAULT CELL_FLASH_CACHE DEFAULT)
  TABLESPACE "SYSTEM"  ENABLE;
  ALTER TABLE "BANCO_JOGO"."PERSONAGEM" MODIFY ("ID_USUARIO" NOT NULL ENABLE);
  ALTER TABLE "BANCO_JOGO"."PERSONAGEM" MODIFY ("NOME" NOT NULL ENABLE);
  ALTER TABLE "BANCO_JOGO"."PERSONAGEM" MODIFY ("ID_PERSONAGEM" NOT NULL ENABLE);
--------------------------------------------------------
--  Constraints for Table INVENTARIO
--------------------------------------------------------

  ALTER TABLE "BANCO_JOGO"."INVENTARIO" MODIFY ("TAMANHO" NOT NULL ENABLE);
  ALTER TABLE "BANCO_JOGO"."INVENTARIO" ADD CONSTRAINT "INVENTARIO_PK" PRIMARY KEY ("ID_INVENTARIO")
  USING INDEX PCTFREE 10 INITRANS 2 MAXTRANS 255 COMPUTE STATISTICS 
  STORAGE(INITIAL 65536 NEXT 1048576 MINEXTENTS 1 MAXEXTENTS 2147483645
  PCTINCREASE 0 FREELISTS 1 FREELIST GROUPS 1 BUFFER_POOL DEFAULT FLASH_CACHE DEFAULT CELL_FLASH_CACHE DEFAULT)
  TABLESPACE "SYSTEM"  ENABLE;
  ALTER TABLE "BANCO_JOGO"."INVENTARIO" MODIFY ("TIPO" NOT NULL ENABLE);
  ALTER TABLE "BANCO_JOGO"."INVENTARIO" MODIFY ("ID_INVENTARIO" NOT NULL ENABLE);
--------------------------------------------------------
--  Constraints for Table MAPA
--------------------------------------------------------

  ALTER TABLE "BANCO_JOGO"."MAPA" ADD CONSTRAINT "MAPA_PK" PRIMARY KEY ("ID_MAPA")
  USING INDEX PCTFREE 10 INITRANS 2 MAXTRANS 255 COMPUTE STATISTICS 
  STORAGE(INITIAL 65536 NEXT 1048576 MINEXTENTS 1 MAXEXTENTS 2147483645
  PCTINCREASE 0 FREELISTS 1 FREELIST GROUPS 1 BUFFER_POOL DEFAULT FLASH_CACHE DEFAULT CELL_FLASH_CACHE DEFAULT)
  TABLESPACE "SYSTEM"  ENABLE;
  ALTER TABLE "BANCO_JOGO"."MAPA" MODIFY ("ALTURA" NOT NULL ENABLE);
  ALTER TABLE "BANCO_JOGO"."MAPA" MODIFY ("LARGURA" NOT NULL ENABLE);
  ALTER TABLE "BANCO_JOGO"."MAPA" MODIFY ("ID_MAPA" NOT NULL ENABLE);
  ALTER TABLE "BANCO_JOGO"."MAPA" MODIFY ("TIPO" NOT NULL ENABLE);
--------------------------------------------------------
--  Constraints for Table INVENTARIO_ITEM
--------------------------------------------------------

  ALTER TABLE "BANCO_JOGO"."INVENTARIO_ITEM" MODIFY ("ID_INVENTARIO" NOT NULL ENABLE);
  ALTER TABLE "BANCO_JOGO"."INVENTARIO_ITEM" ADD CONSTRAINT "INVENTARIO_ITEM_PK" PRIMARY KEY ("ID_INVENTARIO_ITEM", "ID_INVENTARIO")
  USING INDEX PCTFREE 10 INITRANS 2 MAXTRANS 255 COMPUTE STATISTICS 
  STORAGE(INITIAL 65536 NEXT 1048576 MINEXTENTS 1 MAXEXTENTS 2147483645
  PCTINCREASE 0 FREELISTS 1 FREELIST GROUPS 1 BUFFER_POOL DEFAULT FLASH_CACHE DEFAULT CELL_FLASH_CACHE DEFAULT)
  TABLESPACE "SYSTEM"  ENABLE;
  ALTER TABLE "BANCO_JOGO"."INVENTARIO_ITEM" MODIFY ("ID_INVENTARIO_ITEM" NOT NULL ENABLE);
--------------------------------------------------------
--  Constraints for Table ITEM
--------------------------------------------------------

  ALTER TABLE "BANCO_JOGO"."ITEM" ADD CONSTRAINT "ITEM_PK" PRIMARY KEY ("ID_ITEM")
  USING INDEX PCTFREE 10 INITRANS 2 MAXTRANS 255 COMPUTE STATISTICS 
  STORAGE(INITIAL 65536 NEXT 1048576 MINEXTENTS 1 MAXEXTENTS 2147483645
  PCTINCREASE 0 FREELISTS 1 FREELIST GROUPS 1 BUFFER_POOL DEFAULT FLASH_CACHE DEFAULT CELL_FLASH_CACHE DEFAULT)
  TABLESPACE "SYSTEM"  ENABLE;
  ALTER TABLE "BANCO_JOGO"."ITEM" MODIFY ("NOME" NOT NULL ENABLE);
  ALTER TABLE "BANCO_JOGO"."ITEM" MODIFY ("ID_ITEM" NOT NULL ENABLE);
--------------------------------------------------------
--  Constraints for Table CHAT
--------------------------------------------------------

  ALTER TABLE "BANCO_JOGO"."CHAT" ADD CONSTRAINT "CHAT_PK" PRIMARY KEY ("ID_CHAT")
  USING INDEX PCTFREE 10 INITRANS 2 MAXTRANS 255 COMPUTE STATISTICS 
  STORAGE(INITIAL 65536 NEXT 1048576 MINEXTENTS 1 MAXEXTENTS 2147483645
  PCTINCREASE 0 FREELISTS 1 FREELIST GROUPS 1 BUFFER_POOL DEFAULT FLASH_CACHE DEFAULT CELL_FLASH_CACHE DEFAULT)
  TABLESPACE "SYSTEM"  ENABLE;
  ALTER TABLE "BANCO_JOGO"."CHAT" MODIFY ("TEXTO" NOT NULL ENABLE);
  ALTER TABLE "BANCO_JOGO"."CHAT" MODIFY ("ID_CHAT" NOT NULL ENABLE);
--------------------------------------------------------
--  Ref Constraints for Table CHAT
--------------------------------------------------------

  ALTER TABLE "BANCO_JOGO"."CHAT" ADD CONSTRAINT "CHAT_FK1" FOREIGN KEY ("ID_PERSONAGEM")
	  REFERENCES "BANCO_JOGO"."PERSONAGEM" ("ID_PERSONAGEM") ENABLE;
--------------------------------------------------------
--  Ref Constraints for Table INVENTARIO
--------------------------------------------------------

  ALTER TABLE "BANCO_JOGO"."INVENTARIO" ADD CONSTRAINT "INVENTARIO_FK1" FOREIGN KEY ("ID_PERSONAGEM")
	  REFERENCES "BANCO_JOGO"."PERSONAGEM" ("ID_PERSONAGEM") ENABLE;
--------------------------------------------------------
--  Ref Constraints for Table INVENTARIO_ITEM
--------------------------------------------------------

  ALTER TABLE "BANCO_JOGO"."INVENTARIO_ITEM" ADD CONSTRAINT "INVENTARIO_ITEM_FK1" FOREIGN KEY ("ID_INVENTARIO")
	  REFERENCES "BANCO_JOGO"."INVENTARIO" ("ID_INVENTARIO") ENABLE;
--------------------------------------------------------
--  Ref Constraints for Table MAPA
--------------------------------------------------------

  ALTER TABLE "BANCO_JOGO"."MAPA" ADD CONSTRAINT "MAPA_FK1" FOREIGN KEY ("ID_PERSONAGEM")
	  REFERENCES "BANCO_JOGO"."PERSONAGEM" ("ID_PERSONAGEM") ENABLE;
--------------------------------------------------------
--  Ref Constraints for Table OBJETO_MAPA
--------------------------------------------------------

  ALTER TABLE "BANCO_JOGO"."OBJETO_MAPA" ADD CONSTRAINT "OBJETO_MAPA_FK1" FOREIGN KEY ("ID_MAPA")
	  REFERENCES "BANCO_JOGO"."MAPA" ("ID_MAPA") ENABLE;
  ALTER TABLE "BANCO_JOGO"."OBJETO_MAPA" ADD CONSTRAINT "OBJETO_MAPA_FK2" FOREIGN KEY ("ID_PERSONAGEM")
	  REFERENCES "BANCO_JOGO"."PERSONAGEM" ("ID_PERSONAGEM") ENABLE;
--------------------------------------------------------
--  Ref Constraints for Table PERSONAGEM
--------------------------------------------------------

  ALTER TABLE "BANCO_JOGO"."PERSONAGEM" ADD CONSTRAINT "PERSONAGEM_FK1" FOREIGN KEY ("ID_USUARIO")
	  REFERENCES "BANCO_JOGO"."USUARIO" ("ID_USUARIO") ENABLE;
  ALTER TABLE "BANCO_JOGO"."PERSONAGEM" ADD CONSTRAINT "PERSONAGEM_FK2" FOREIGN KEY ("ID_MAPA")
	  REFERENCES "BANCO_JOGO"."MAPA" ("ID_MAPA") ENABLE;
